id,title,description,content,url,image_url,published_at,source_name,source_url
1,GreedyBear Steals $1M in Crypto Using 150+ Malicious Firefox Wallet Extensions,"A newly discovered campaign dubbed GreedyBear has leveraged over 150 malicious extensions to the Firefox marketplace that are designed to impersonate popular cryptocurrency wallets and steal more than $1 million in digital assets.
The published browser add-on…",,https://thehackernews.com/2025/08/greedybear-steals-1m-in-crypto-using.html,,2025-08-08 07:16:00+00:00,Internet,
2,Spanish Bank BBVA Said to Offer Off-Exchange Custody to Binance Customers: FT,Cryptocurrency exchanges have been rolling out stricter controls and clearer disclosures on how user funds are safeguarded.,,https://www.coindesk.com/business/2025/08/08/spanish-bank-bbva-said-to-offer-off-exchange-custody-to-binance-customers-ft,,2025-08-08 09:07:36+00:00,CoinDesk,
3,Standard Chartered forms joint venture to issue stablecoins in Hong Kong,"Stablecoins, a type of cryptocurrency designed to maintain a constant value, are usually pegged to a fiat currency such as U.S. dollar and are commonly used ...",,https://tech.yahoo.com/business/articles/standard-chartered-forms-joint-venture-051432760.html,,2025-08-08 05:14:32+00:00,Yahoo Entertainment,
4,Trump 401(k) Executive Order 'A Major Step Toward Mainstream Adoption',"President Trump's executive order to allow cryptocurrencies in 401(ks) represents “a major step toward mainstream adoption"" of such assets, said analyst Joe DiPasquale.",,https://www.forbes.com/sites/digital-assets/2025/08/07/trump-401k-executive-order-a-major-step-toward-mainstream-adoption/,,2025-08-08 03:06:17+00:00,Forbes,
5,"Altcoins rally after Ripple's stablecoin acquisition, Chainlink's reserve launch",Altcoins XRP and LINK rallied early Friday morning after news that Ripple is buying a stablecoin payments platform and Chainlink is launching a reserve for...,,https://finance.yahoo.com/news/altcoins-rally-after-ripples-stablecoin-acquisition-chainlinks-reserve-launch-130831439.html,,2025-08-08 13:08:31+00:00,Yahoo Entertainment,
6,Crypto Group Reportedly Says It Planned Sex Toy Tosses At WNBA Games,"A cryptocurrency group has said it organized a spate of ""stunts"" in which sex toys were tossed on courts at WNBA games, US media reported on Thursday.",,https://www.ibtimes.com/crypto-group-reportedly-says-it-planned-sex-toy-tosses-wnba-games-3780500,,2025-08-08 04:00:14+00:00,International Business Times,
7,Animoca Brands and Standard Chartered Establish Stablecoin Issuer in Hong Kong,"The joint venture, known as Anchorpoint, also includes Hong Kong Telecom and aims to build a business model for the issuance of licensed stablecoins.",,https://www.coindesk.com/policy/2025/08/08/animoca-brands-and-standard-chartered-establish-stablecoin-issuer-in-hong-kong,,2025-08-08 09:07:51+00:00,CoinDesk,
8,Top 3 cyber scams targeting Delhi-NCR citizens right now,"Delhi Police warns citizens about rising cyber fraud! Learn about fake message scams (electricity/water bills), investment fraud promising high returns, and ""digital arrest"" tactics. Stay safe from these sophisticated scams, targeting personal & financial dat…",,https://indianexpress.com/article/cities/delhi/top-cyber-scams-targeting-delhi-ncr-citizens-10177406/,,2025-08-08 07:23:10+00:00,The Indian Express,
9,"China tells brokers to halt endorsements of stablecoin, sources say","While crypto trading is banned in mainland China, brokerages have received a wave of requests for information on stablecoin and digital assets from Chinese...",,https://finance.yahoo.com/news/china-tells-brokers-stop-endorsing-102038104.html,,2025-08-08 10:20:38+00:00,Yahoo Entertainment,
10,Standard Chartered forms joint venture to issue stablecoins in Hong Kong,"Stablecoins, a type of cryptocurrency designed to maintain a constant value, are usually pegged to a fiat currency such as U.S. dollar and are commonly used ...",,https://finance.yahoo.com/news/standard-chartered-forms-joint-venture-051432710.html,,2025-08-08 05:14:32+00:00,Yahoo Entertainment,
11,XRP Surges 12% as Traders Bet on Big Price Swings with 'Straddle' Strategy,A long straddle represents a bullish bet on volatility.,,https://www.coindesk.com/markets/2025/08/08/xrp-surges-12-as-traders-bet-on-big-price-swings-with-straddle-strategy,,2025-08-08 03:18:05+00:00,CoinDesk,
12,Can you split a private key in half? Understanding crypto ownership in divorce and beyond,"While you can’t literally split a private key, there are secure legal and technical methods to share or divide control of crypto assets during divorce.",,https://cointelegraph.com/news/understanding-crypto-ownership-in-divorce-and-beyond,,2025-08-08 11:36:54+00:00,Cointelegraph,
13,Trump Jr. Posts Deranged Photo of His Dad Throwing a Dildo,"Donald Trump’s eldest son Don Jr. clearly thinks it’s hilarious that WNBA players are getting dildos hurled at them on the court: On Thursday, he posted a cringey meme of his dad tossing one from the roof of the White House.The 44-year old posted a meme on In…",,https://newrepublic.com/post/198925/trump-jr-photo-dad-throwing-dildo,,2025-08-08 12:58:12+00:00,The New Republic,
14,Accumulating Bitcoin A Risky Digital Rush By Companies?,"US President Donald Trump's media group and Tesla, the electric carmaker owned by tech billionaire Elon Musk, are among an increasing number of companies buying huge amounts of bitcoin.",,https://www.ibtimes.com/accumulating-bitcoin-risky-digital-rush-companies-3780516,,2025-08-08 10:51:22+00:00,International Business Times,
15,"Ethereum Transactions Hit Record High as Staking, SEC Clarity Fuel ETH Rally","ETH’s price appreciation has also been supported by the growing number of public “crypto treasury companies,” or firms that buy and hold tokens directly or through dedicated vehicles.",,https://www.coindesk.com/markets/2025/08/08/ethereum-transactions-hit-1-year-high-as-staking-sec-clarity-fuel-eth-rally,,2025-08-08 07:30:48+00:00,CoinDesk,
16,Crypto group claims responsibility for hurling sex toys at WNBA games (Meghan L. Hall/USA Today),"Meghan L. Hall / USA Today:
Crypto group claims responsibility for hurling sex toys at WNBA games … Cryptocurrency meme coin creators say they are responsible for the sex toys being thrown at multiple WNBA games, and they are planning more “pranks.”  —  From …",,https://www.memeorandum.com/250807/p147,,2025-08-08 00:00:35+00:00,Memeorandum.com,
17,Crypto group reportedly says it planned sex toy tosses at WNBA games,"A cryptocurrency group has said it organized a spate of ""stunts"" in which sex toys were tossed on courts at WNBA games, US media reported on Thursday.USA Today reported that the meme coin group spokesman said that Delbert Carter, who was arrested for allegedl…",,https://consent.yahoo.com/v2/collectConsent?sessionId=1_cc-session_b3953364-1043-4f47-9c1d-992dd1a37183,,2025-08-08 03:44:58+00:00,Yahoo Entertainment,
18,What Crypto is For,"Crypto exists for men to be the biggest pieces of shit imaginable, challenging each other to reach ever higher levels of scumbaggery: Cryptocurrency meme coin creators say they are responsible for the sex toys being thrown at multiple WNBA games, and they are…",,https://www.lawyersgunsmoneyblog.com/2025/08/what-crypto-is-for,,2025-08-08 11:34:00+00:00,Lawyersgunsmoneyblog.com,
19,"Ethereum Breakout Is ‘Imminent’ Amid $3,850 Retest – Analyst Eyes $5,000 For This Quarter","Ethereum (ETH) is attempting to break out of a crucial resistance level after recovering from last week’s lows. Some analysts suggested that the cryptocurrency is repeating past breakout playbooks, which could lead to a new high this quarter. Related Reading:…",,http://www.newsbtc.com/news/ethereum-breakout-is-imminent-analyst-eyes-5000-for-this-quarter/,,2025-08-08 05:00:17+00:00,newsBTC,
20,Cryptocurrency Stocks To Follow Now – August 6th,"Robinhood Markets, Galaxy Digital, Bitfarms, HIVE Digital Technologies, Bitdeer Technologies Group, BTCS, and Cellebrite DI are the seven Cryptocurrency stocks to watch today, according to MarketBeat’s stock screener tool. Cryptocurrency stocks are shares of …",,https://www.etfdailynews.com/2025/08/08/cryptocurrency-stocks-to-follow-now-august-6th/,,2025-08-08 05:22:51+00:00,ETF Daily News,
21,Top Cryptocurrency Stocks To Consider – August 5th,"Robinhood Markets, Galaxy Digital, Bitdeer Technologies Group, HIVE Digital Technologies, Bitfarms, Cellebrite DI, and BTCS are the seven Cryptocurrency stocks to watch today, according to MarketBeat’s stock screener tool. Cryptocurrency stocks are equity sha…",,https://www.etfdailynews.com/2025/08/08/top-cryptocurrency-stocks-to-consider-august-5th/,,2025-08-08 07:22:56+00:00,ETF Daily News,
22,The Bitcoin Order: US President Set To Sign Executive Order Protecting Bitcoin Access,"In a bold move that could reshape the crypto landscape, the US President is reportedly preparing to sign an executive order aimed at protecting access to BTC and digital assets. If enacted, this landmark policy would redefine the relationship between digital …",,http://www.newsbtc.com/news/bitcoin/executive-order-protecting-bitcoin/,,2025-08-08 02:00:11+00:00,newsBTC,
23,Trump signs executive order cracking down on ‘debanking’: ‘Incompatible with a free society’,"“The banks discriminated against me very badly,” Trump said.",,https://nypost.com/2025/08/07/us-news/trump-signs-executive-order-cracking-down-on-debanking-incompatible-with-a-free-society/,,2025-08-08 02:35:13+00:00,New York Post,
24,Crypto Group Claims Responsibility for WNBA Pranks,"The WNBA has been plagued by sex toys sailing through the air at its games, and now the creators of a cryptocurrency meme coin have come forward to claim responsibility for the pranks. A spokesperson for the group, who goes by @Daldo_Raine on social media, te…",,https://www.newser.com/story/373201/crypto-group-claims-responsibility-for-wnba-pranks.html,,2025-08-08 12:16:00+00:00,Newser,
25,"Buying Bitcoin years ago wouldn’t have made you rich today, says trader","Crypto trader Techdev said most early Bitcoin buyers would not have the conviction to hold the investment for years, which entrepreneur Anthony Pompliano agreed was “easier said than done.”",,https://cointelegraph.com/news/bitcoiner-early-buy-wealthy-today-crypto-trader-community-reacts,,2025-08-08 06:12:25+00:00,Cointelegraph,
26,"Bitcoin Steadies Above $116,000 As XRP, Dogecoin Surge On Regulatory Boost, ETF Inflows","Cryptocurrency markets advanced Friday morning, fueled by favorable regulatory developments that spurred ETF inflows and strengthened institutional adoption sentiment.
Cryptocurrency
Ticker
Price
Bitcoin
(CRYPTO: BTC)
$116,832.44
Ethereum
(CRYPTO: ETH)
$3,908…",,https://biztoc.com/x/bc7e5e2beaef7db5,,2025-08-08 11:46:46+00:00,Biztoc.com,
27,"Verb Technology Company (Nasdaq: VERB) Successfully Closes $558 Million Private Placement to Launch First Publicly Listed TON Treasury Strategy Company, in Partnership with Kingsway Capital","Majority of net proceeds from offering will support purchases of Toncoin, the native cryptocurrency of The Open Network (“TON”) blockchain Majority of net proceeds from offering will support purchases of Toncoin, the native cryptocurrency of The Open Network …",,https://www.globenewswire.com/news-release/2025/08/08/3130137/0/en/Verb-Technology-Company-Nasdaq-VERB-Successfully-Closes-558-Million-Private-Placement-to-Launch-First-Publicly-Listed-TON-Treasury-Strategy-Company-in-Partnership-with-Kingsway-Cap.html,,2025-08-08 12:30:00+00:00,GlobeNewswire,
28,"India Escalates Crypto Tax Enforcement With Over 44,000 Notices To Traders","India’s Income Tax Department has intensified its efforts to curb tax evasion in the cryptocurrency sector, sending more than 44,000 notices to traders who failed to disclose their virtual digital asset (VDA) transactions in their income tax returns. Indian T…",,https://bitcoinist.com/india-crypto-tax-enforcement-44000-notices-traders/,,2025-08-08 02:00:34+00:00,Bitcoinist,
29,Fundamental Global Enters Ethereum Treasury Strategy Trend With $5B Fundraise Plan,"Ethereum’s growing appeal among institutional players has taken another leap forward as Fundamental Global Inc. (FGF), a Nasdaq-listed company specializing in reinsurance, merchant banking, and asset management, revealed an ambitious $5 billion cryptocurrency…",,https://bitcoinist.com/fundamental-global-enter-ethereum-treasury-strategy/,,2025-08-08 12:00:42+00:00,Bitcoinist,
30,Dogecoin Live News Today: Latest Insights for Doge Lovers (August 8),"Stay Ahead with Our Immediate Analysis of Today’s Dogecoin Updates Check out our Live Dogecoin Updates for August 8, 2025! In 2025, Dogecoin stands shoulder-to-shoulder next to Bitcoin. One is the first cryptocurrency, while our doggo friend is widely recogni…",,https://bitcoinist.com/dogecoin-live-news-august-8-2025/,,2025-08-08 10:03:23+00:00,Bitcoinist,
31,From fake CAPTCHAs to RATs: Inside 2025’s cyber deception threat trends,"Cybercriminals are getting better at lying. That’s the takeaway from a new LevelBlue report, which outlines how attackers are using social engineering and legitimate tools to quietly move through environments before they’re caught. Data showing at what stage …",,https://www.helpnetsecurity.com/2025/08/08/cyber-deception-threat-trends-2025/,,2025-08-08 05:00:59+00:00,Help Net Security,
32,"Crypto Is Here To Stay—Even The SEC Can’t Do Anything About It, Analyst Says","The US markets have seen a surge of digital coins. Millions of Americans now hold tokens in their wallets. Blocking all of it suddenly would be nearly impossible. At the same time, leaving this sector with no rules puts everyday investors in harm’s way. Relat…",,http://www.newsbtc.com/bitcoin-news/crypto-is-here-to-stay-even-the-sec-cant-do-anything-about-it-analyst-says/,,2025-08-08 03:00:53+00:00,newsBTC,
33,WNBA players targeted in s*x toy incidents reportedly linked to cryptocurrency promoters seeking viral publicity,"A disturbing trend has emerged at WNBA games involving neon green s*x toys being thrown onto the court, linked to a cryptocurrency group promoting Green Dildo Coin. These incidents have sparked outrage from players and coaches, raising concerns about safety a…",,https://timesofindia.indiatimes.com/sports/nba/top-stories/wnba-players-targeted-in-sx-toy-incidents-reportedly-linked-to-cryptocurrency-promoters-seeking-viral-publicity/articleshow/123178629.cms,,2025-08-08 03:05:01+00:00,The Times of India,
34,XRP price is surging again today: Here’s why the cryptocurrency is up,"XRP is the third-largest cryptocurrency by market cap—or the total value of all its coins—which currently stands at just over $196 billion, according to data from Yahoo Finance. For comparison, leading crypto Bitcoin has a market cap of 2.3 trillion and Ether…",,https://biztoc.com/x/ef85a292a9ca3ffe,,2025-08-08 12:53:52+00:00,Biztoc.com,
35,How Trump’s $9T executive order could let you add Bitcoin to your retirement plan,"Trump’s move may change US retirement plans. Bitcoin could soon be part of your 401(k), and Wall Street is getting ready.",,https://cointelegraph.com/news/how-trump-s-9t-executive-order-could-let-you-add-bitcoin-to-your-retirement-plan,,2025-08-08 11:52:06+00:00,Cointelegraph,
36,"Vitalik backs Ethereum treasury firms, but warns of overleverage","Vitalik Buterin says public companies that buy and hold Ether broaden the token’s access to a wider range of investors, but cautioned on leveraging too heavily.",,https://cointelegraph.com/news/vitalik-buterin-backs-eth-treasury-firms-despite-leverage-concerns,,2025-08-08 00:13:10+00:00,Cointelegraph,
37,GreedyBear scam group ramps up crypto theft to ‘industrial scale’,"A cybercrime campaign dubbed “GreedyBear” has stolen over $1 million in crypto by deploying hundreds of attacks, including fake browser extensions, malware, and phishing sites, says Koi Security.",,https://cointelegraph.com/news/greedybear-scam-crypto-theft-industrial-scale-koi-security,,2025-08-08 05:42:10+00:00,Cointelegraph,
38,Trump orders federal regulators to probe alleged bank discrimination against conservatives,"Trump orders federal regulators to probe alleged bank discrimination against conservatives
President Donald Trump has ordered an investigation into whether banks have discriminated against conservatives and industries like gun manufacturers and cryptocurrency…",,https://biztoc.com/x/17b95d6a95cea80e,,2025-08-08 01:56:41+00:00,Biztoc.com,
39,"Bitcoin, Ethereum, Dogecoin Surge As Trump Opens 401(k)s To Crypto — Analyst Says 'End Game Is About To Begin' For This Bull Cycle",Major cryptocurrencies rallied on Thursday evening as President Donald Trump signed executive orders integrating digital assets into the U.S. financial system. The crypto market capitalization jumped 3.27% to $3.87 trillion following the landmark policy shift…,,https://biztoc.com/x/ea4f80e95dfc2a0d,,2025-08-08 03:59:18+00:00,Biztoc.com,
40,Ethereum Derivatives Heat Up: Open Interest Spikes $1.9B,"Data shows the Ethereum Open Interest has shot up alongside the asset’s recovery surge, a sign that chaos could be in store. Ethereum Open Interest Has Gone Up By More Than 8% As explained by CryptoQuant author Maartunn in a new post on X, the Ethereum Open I…",,https://bitcoinist.com/ethereum-derivatives-heat-up-open-interest-1-9b/,,2025-08-08 03:00:00+00:00,Bitcoinist,
41,Styling Your Functional and Charming Work-From-Home Space,"Your home is not only your relaxation oasis: it has likely become more functional, with some spaces dedicated to working. In addition to more remote positions offered by hiring companies, people are also discovering their passions and exploring options for ad…",,https://ahouseinthehills.com/styling-your-functional-and-charming-work-from-home-space/,,2025-08-08 12:21:31+00:00,Ahouseinthehills.com,
42,Trump vows to issue executive order to stop “debanking” of conservatives,"In a CNBC interview, President Donald Trump claimed that JPMorgan Chase forced him to move hundreds of millions of dollars and that Bank of America later rejected a $1 billion deposit, citing politically motivated “debanking.” Trump announced plans to sign an…",,https://www.naturalnews.com/2025-08-08-trump-vows-eo-stop-debanking-of-conservatives.html,,2025-08-08 06:00:00+00:00,Naturalnews.com,
43,GreedyBear: 40 Fake Crypto Wallet Extensions Found on Firefox Marketplace,"A new, coordinated cybercrime campaign called ""GreedyBear"" has stolen over $1 million from crypto users. Learn how the group uses malicious extensions, malware, and fake websites in an industrial-scale attack uncovered by Koi Security.",,https://hackread.com/greedybear-fake-crypto-wallet-extensions-firefox-marketplace/,,2025-08-08 11:32:34+00:00,HackRead,
44,CNN Anchor Calls Out Trump Dildo Gag Amid WNBA Sex Toy Trend,"CNN's Audie Cornish called out the meme of Trump throwing a dildo from the White House amid a wave of sex toy attacks credited to ""crypto bros.""
The post CNN Anchor Calls Out Trump Dildo Gag Amid WNBA Sex Toy Trend first appeared on Mediaite.",,https://www.mediaite.com/media/sports/cnn-anchor-calls-out-trump-dildo-gag-amid-wnba-sex-toy-trend/,,2025-08-08 13:25:41+00:00,Mediaite,
45,WNBA coach says sex toy saga the latest version of centuries-old misogyny,"A second man is arrested for throwing a sex toy at a WNBA game, this time reportedly hitting a fan and his nine-year-old niece.",,https://www.abc.net.au/news/2025-08-08/wnba-sex-toy-arrest-phoenix-cheryl-reeve-sophie-cunningham/105627390,,2025-08-08 00:01:54+00:00,ABC News (AU),
46,XRP Surges 12% as Traders Bet on Big Price Swings with 'Straddle' Strategy,"Payments-focused cryptocurrency XRP (XRP) has surged 12% over the past 24 hours, outperforming both bitcoin (BTC) and ether (ETH). This double-digit gain has lifted XRP's price to $3.32, its highest level since July 28.
The price upswing has been underpinned …",,https://biztoc.com/x/f52c045c9c2cc1e9,,2025-08-08 03:48:28+00:00,Biztoc.com,
47,Spanish Bank BBVA Said to Offer Off-Exchange Custody to Binance Customers: FT,"Binance, the largest cryptocurrency exchange by volume traded, enlisted Spain’s third-largest bank, BBVA, to provide custody services as it looks to improve protection for customers by isolating their assets from any disruption that might occur to the trading…",,https://biztoc.com/x/799c2641ae65f29c,,2025-08-08 09:55:36+00:00,Biztoc.com,
48,XRP Surges 8% As Ripple-SEC Case Concludes — Traders Ancitipate Multi-Phase Rally,"XRP (CRYPTO: XRP) rallied 8% in a single day after Ripple and the U.S. Securities and Exchange Commission officially ended their years-long legal battle. The settlement drew heavy trading activity, with many traders calling it a turning point for the token.
C…",,https://biztoc.com/x/06176c00ac610090,,2025-08-08 12:53:52+00:00,Biztoc.com,
49,Exodus Announces Plan to Expand Blockchains for its Common Stock Tokens with Superstate,"OMAHA, Neb., Aug. 08, 2025 (GLOBE NEWSWIRE) -- Exodus Movement, Inc
. (NYSE American: EXOD) (""Exodus""), a leading self-custodial cryptocurrency platform, today announced a partnership with Superstate to create common stock tokens to digitally represent Exodu…",,https://www.globenewswire.com/news-release/2025/08/08/3130074/0/en/Exodus-Announces-Plan-to-Expand-Blockchains-for-its-Common-Stock-Tokens-with-Superstate.html,,2025-08-08 11:20:00+00:00,GlobeNewswire,
50,Royal and BlackSuit ransomware gangs hit over 450 US companies,The U.S. Department of Homeland Security (DHS) says the cybercrime gang behind the Royal and BlackSuit ransomware operations had breached hundreds of U.S. companies before their infrastructure was dismantled last month. [...],,https://www.bleepingcomputer.com/news/security/royal-and-blacksuit-ransomware-gangs-hit-over-450-us-companies/,,2025-08-08 07:36:34+00:00,BleepingComputer,
51,Trump opens the door for private equity and crypto as 401(k) retirement plan options,"A Trump executive order could allow 401(k) plans to invest in higher-risk assets like private equity and cryptocurrencies, potentially opening trillions in retirement funds to these markets. Federal agencies must first rewrite regulations, a process that coul…",,https://economictimes.indiatimes.com/markets/cryptocurrency/trump-opens-the-door-for-private-equity-and-crypto-as-401k-retirement-plan-options/articleshow/123179205.cms,,2025-08-08 03:42:36+00:00,The Times of India,
52,Dogecoin (DOGE) Advances Boldly—Is a Surge Just Around the Corner?,Dogecoin started a fresh increase from the $0.1950 zone against the US Dollar. DOGE is now consolidating and might aim for more gains above $0.2250. DOGE price started a fresh increase above the $0.2120 level. The price is trading above the $0.2150 level and …,,http://www.newsbtc.com/analysis/doge/dogecoin-doge-advances-0-2250/,,2025-08-08 05:08:09+00:00,newsBTC,
53,WhatsApp Removes Over 6.8 Million Accounts Connected To Scam Centres,"In the first six months of 2025, WhatsApp has banned over 6.8 million accounts “linked to scam centres”, according to its parent company, Meta. It explained how such scams typically work. Scam centres often make several fraudulent attempts simultaneously, fro…",,https://www.ndtvprofit.com/technology/whatsapp-removes-over-68-million-accounts-connected-to-scam-centres,,2025-08-08 05:07:58+00:00,Ndtvprofit.com,
54,Market Rallies as Trump Opens 401(k) Floodgates: Crypto Daybook Americas,"The day ahead in crypto: Aug. 8, 2025",,https://www.coindesk.com/daybook-us/2025/08/08/market-rallies-as-trump-opens-401-k-floodgates-crypto-daybook-americas,,2025-08-08 11:15:00+00:00,CoinDesk,
55,"Cardano Price, Dogecoin or Remittix: Experts Analyze Which Crypto Has The 50x Factor In 2025","Crypto investors are looking at three top performers as 2025 approaches: Cardano (ADA), Dogecoin (DOGE), and Remittix (RTX). With the Cardano token at $0.7595 and Dogecoin at $0.2126, both projects have been generating market attention through recent gains. Y…",,https://partner.cryptopolitan.com/cardano-price-dogecoin-or-remittix-experts-analyze-which-crypto-has-the-50x-factor-in-2025/,,2025-08-08 11:26:00+00:00,Cryptopolitan,
56,"Chainlink Price Prediction: How LINK, RTX and PEPE Are Set To Skyrocket Once ETH Breaks All-Time Highs","Crypto market is once more on heat, and the buzz surrounding a potential Ethereum breakout has speculators drawing inspiration from strong tokens like Chainlink (LINK), Remittix (RTX), and PEPE. All of these projects offer something different — from industry-…",,https://partner.cryptopolitan.com/how-link-rtx-and-pepe-are-set-to-skyrocket-once-eth-breaks-all-time-highs/,,2025-08-08 13:26:00+00:00,Cryptopolitan,
57,"Bitcoin Could Explode to $180,000, According to Crypto Analyst Jason Pizzino – Here’s What Needs To Happen","Cryptocurrency analyst and trader Jason Pizzino believes Bitcoin (BTC) could go up by around 55% from the current level. In a new strategy session, Pizzino tells his 355,000 YouTube subscribers that the ratio of USDT stablecoin relative to other crypto assets…",,https://dailyhodl.com/2025/08/08/bitcoin-could-explode-to-180000-according-to-crypto-analyst-jason-pizzino-heres-what-needs-to-happen/,,2025-08-08 10:15:00+00:00,The Daily Hodl,
58,LINK eyes $20.5 as momentum indicators switch bullish; Check forecast,"Key takeaways LINK is the second-best performer among the top 20 coins, up 13.5% in the last 24 hours. The rally comes after Chainlink introduced the Chainlink Reserve. The cryptocurrency market has turned bullish following days of bearish price action this w…",,https://coinjournal.net/news/link-eyes-20-5-as-momentum-indicators-switch-bullish-check-forecast/,,2025-08-08 03:35:54+00:00,Coinjournal.net,
59,How Groove is Disrupting Online Platforms with an All-In-One Revolutionary Solution with Mike Filsame: An EOFire Classic from 2022,"From the archive: This episode was originally recorded and published in 2022. Our interviews on Entrepreneurs On Fire are meant to be evergreen, and we do our best to confirm that all offers and URL's in these archive episodes are still relevant. Mike Filsaim…",,https://sites.libsyn.com/37432/how-groove-is-disrupting-online-platforms-with-an-all-in-one-revolutionary-solution-with-mike-filsame-an-eofire-classic-from2022,,2025-08-08 08:30:00+00:00,Libsyn.com,
60,Trump signs order to allow crypto and real estate investments in retirement plans,,,https://biztoc.com/x/4804c7ff3d065767,,2025-08-08 10:06:34+00:00,Biztoc.com,
61,"XRP Price Blasts Higher by 10%, Bulls Eye Even Bigger Gains",XRP price is gaining pace above the $3.10 zone. The price is up over 10% and might extend gains above the $3.40 level in the near term. XRP price is showing bullish signs above the $3.20 zone. The price is now trading above $3.220 and the 100-hourly Simple Mo…,,http://www.newsbtc.com/analysis/xrp/xrp-price-blasts-higher-3-25/,,2025-08-08 04:18:59+00:00,newsBTC,
62,Dogecoin Is Right Where Past Bull Runs Have Taken Off: Analyst,"An analyst has pointed out how Dogecoin has entered into a zone that kicked off major bull runs for the memecoin in the past. Dogecoin Is Trading Near Lower Level Of Historical Ascending Channel In a new post on X, analyst Ali Martinez has talked about how th…",,http://www.newsbtc.com/news/dogecoin/dogecoin-past-bull-runs-have-taken-off-analyst/,,2025-08-08 07:00:58+00:00,newsBTC,
63,Eagles backup QB Tanner McKee dominates preseason opener; Chargers lose Pro Bowl LT for entire season,"Plus, Archie Manning sends a message of NFL teams regarding his grandson",,https://www.cbssports.com/nfl/news/eagles-backup-qb-tanner-mckee-dominates-preseason-opener-chargers-lose-pro-bowl-lt-for-entire-season/,,2025-08-08 12:53:15+00:00,CBS Sports,
64,PEPE Gears Up For 120% Move As Indicators Point To An End Of Decline,"PEPE Coin, like the rest of the crypto market, has seen its price beaten down toward June lows once again after an explosive month of July. This has set the meme coin on another bearish path that could end up in a crash of the $0.00001 resistance. However, wi…",,https://bitcoinist.com/pepe-gears-up-for-120-move/,,2025-08-08 05:00:31+00:00,Bitcoinist,
65,XRP Faces Sell Pressure As Short-Term Holders Shift To Distribution Mode,"As the broader crypto market gains bullish momentum, XRP is seeing renewed upward movement, reclaiming the $3.3 mark after trading below the level for several days. XRP’s price has bounced back from the recent downward trend, but notable selling activity has …",,https://bitcoinist.com/xrp-faces-sell-pressure/,,2025-08-08 13:00:42+00:00,Bitcoinist,
66,"Ripple To Gobble Up Payments Platform Rail for $200,000,000 To Support Transactions via XRP and RLUSD Stablecoin","The blockchain payments firm Ripple says it has agreed to acquire the stablecoin-powered payment infrastructure platform Rail for $200 million. In a statement, Ripple says it is acquiring the Toronto-based Rail amid rising demand for transactions involving st…",,https://dailyhodl.com/2025/08/08/ripple-to-gobble-up-payments-platform-rail-for-200000000-to-support-transactions-via-xrp-and-rlusd-stablecoin/,,2025-08-08 12:45:35+00:00,The Daily Hodl,
67,LM Funding America Announces July 2025 Production and Operational Update,"- Bitcoin treasury as of July 31, 2025 valued at $17.8 million or $3.46 per share1    TAMPA, Fla., Aug.  08, 2025  (GLOBE NEWSWIRE) -- LM Funding...",,https://www.globenewswire.com/news-release/2025/08/08/3130100/0/en/LM-Funding-America-Announces-July-2025-Production-and-Operational-Update.html,,2025-08-08 12:00:00+00:00,GlobeNewswire,
68,"Palmer Luckey's 'political network' will help his new crypto bank clear regulatory hurdles, fundraising memo says","A fundraising memo touted Luckey's ""political network"" and a cofounder's ""unique connectivity to regulators"" like Jonathan Gould.",,https://www.businessinsider.com/palmer-luckey-erebor-bank-political-network-occ-jonathan-gould-2025-8,,2025-08-08 09:08:01+00:00,Business Insider,
69,Gimmick or Reality! Are adult toy tosses at WNBA games planned by Crypto group?,"WNBA games are facing disruptions as neon green sex toys are being thrown onto the court during live matches. A cryptocurrency memecoin group, 'Green Dildo Coin,' has claimed responsibility, aiming to boost attention and coin value through viral stunts. While…",,https://economictimes.indiatimes.com/news/international/us/gimmick-or-reality-are-adult-toy-tosses-at-wnba-games-planned-by-crypto-group/articleshow/123180365.cms,,2025-08-08 05:05:51+00:00,The Times of India,
70,"Five members of cyberfraud gang held, Rs 42-lakh money trail unearthed","Delhi Police have apprehended five individuals from Rajasthan, members of a cyber fraud syndicate, for allegedly deceiving individuals through deceptive investment schemes promoted on social media. The accused routed the defrauded money to Chinese fraudsters …",,https://economictimes.indiatimes.com/news/india/five-members-of-cyberfraud-gang-held-rs-42-lakh-money-trail-unearthed/articleshow/123187964.cms,,2025-08-08 11:29:01+00:00,The Times of India,
71,US stocks end week strong as Nasdaq notches record. Gold also scores record high.,US stocks close higher as Apple boosts Nasdaq to record high. Apple shares have best week since 2020. Gold jumps to record on new tariff.,,https://www.usatoday.com/story/money/markets/2025/08/08/stocks-friday-tariffs-federal-reserve/85565884007/,,2025-08-08 10:05:46+00:00,USA Today,
72,"Why The Remittix (RTX) Price Could Rise Over 12,000% If Ethereum (ETH) Passes $10K This Cycle","The Ethereum price is increasing rapidly, and its upward trend is sending severe ripples across the crypto world. While ETH is accelerating towards $3,828.58 and a potential surge above $10K, analysts are closely watching to observe which altcoins stand to be…",,https://partner.cryptopolitan.com/why-the-remittix-rtx-price-could-rise-over-12000-if-ethereum-eth-passes-10k-this-cycle/,,2025-08-08 07:26:00+00:00,Cryptopolitan,
73,Accumulating bitcoin a risky digital rush by companies?,"Companies like Trump Media, Tesla, and MetaPlanet are increasingly investing in Bitcoin to diversify reserves, hedge against inflation, and attract investors. Strategy, holding over three percent of all Bitcoin tokens, exemplifies this trend, while experts wa…",,https://economictimes.indiatimes.com/news/international/business/accumulating-bitcoin-a-risky-digital-rush-by-companies/articleshow/123179837.cms,,2025-08-08 04:33:07+00:00,The Times of India,
74,Bitcoin Faces A Black Swan — Bitwise Sounds The Alarm,"Last Friday’s US July Employment Situation release has delivered the kind of statistical jolt that rarely shows up outside crises, forcing traders to re-evaluate both the macro outlook and Bitcoin’s near-term path. Payrolls grew by just 73,000, but the shock …",,http://www.newsbtc.com/bitcoin-news/bitcoin-faces-a-black-swan-bitwise/,,2025-08-08 00:00:06+00:00,newsBTC,
75,BloFin Expands Global Access and Trading Functionality with Upgraded Message Center and Platform Enhancement,"ROAD TOWN, Virgin Islands, Aug. 08, 2025 (GLOBE NEWSWIRE) -- BloFin, the leading futures trading exchange, announced a comprehensive wave of product and platform updates aimed at expanding fiat access, enhancing trading tools, and providing copy trading users…",,https://www.globenewswire.com/news-release/2025/08/08/3129942/0/en/BloFin-Expands-Global-Access-and-Trading-Functionality-with-Upgraded-Message-Center-and-Platform-Enhancement.html,,2025-08-08 07:47:00+00:00,GlobeNewswire,
76,Panama City mayor backs Bitcoin discounts for Panama Canal fees,"Panama City Mayor Mayer Mizrachi has expressed strong support for a proposal that would allow ships to pay reduced Panama Canal fees if they settle in Bitcoin. In an Aug. 7 post on X, Mizrachi described the idea as “brilliant” and expressed hope that the Pana…",,https://cryptoslate.com/panama-city-mayor-backs-bitcoin-discounts-for-panama-canal-fees/,,2025-08-08 13:30:49+00:00,CryptoSlate,
77,Bitcoin’s Comeback or Bull Trap? Analysts Warn of ‘Excessive Optimism’,"Bitcoin’s recent price action has drawn renewed attention as the asset attempts to rebound from last week’s decline. Following its July peak above $123,000, BTC experienced a downturn, hitting lows around $112,000 over the weekend. However, the latest data no…",,http://www.newsbtc.com/bitcoin-news/bitcoin-comeback-or-bull-trap-analysts-warn-of-excessive-optimism/,,2025-08-08 04:00:00+00:00,newsBTC,
78,"SEC and Ripple voluntarily dismiss appeals, ending 2020 lawsuit over XRP sales",The SEC and Ripple have officially ended their long-running 2020 lawsuit by voluntarily dismissing their appeals. The dismissal leaves in place a 2023 ruling that included $125 million in fines for Ripple’s institutional XRP sales. XRP’s price jumped 5% to ar…,,https://coinjournal.net/news/sec-and-ripple-voluntarily-dismiss-appeals-ending-2020-lawsuit-over-xrp-sales/,,2025-08-08 03:27:56+00:00,Coinjournal.net,
79,Trump To Sign Order Bringing Crypto to 401(k) Retirement Plans: Nexchain Booms In Presale Following This Positive News for Crypto,"The recent executive order signed by President Trump could soon allow Americans to invest in cryptocurrencies through their 401(k) retirement plans. This landmark development plays into broader crypto adoption trends, and it’s fueling interest in promising pr…",,https://partner.cryptopolitan.com/trump-to-sign-order-bringing-crypto-to-401k-retirement-plans-nexchain-booms-in-presale-following-this-positive-news-for-crypto/,,2025-08-08 11:23:51+00:00,Cryptopolitan,
80,Added to a random WhatsApp group? New Safety feature warns you before you join in; here is everything you need to know,"WhatsApp has introduced a 'safety overview' feature to combat scams by alerting users when added to unfamiliar groups by unknown contacts. This update provides key group details, enabling users to exit without engaging. In the first half of 2025, over 6.8 mil…",,https://economictimes.indiatimes.com/news/international/us/added-to-a-random-whatsapp-group-new-safety-feature-warns-you-before-you-join-in-here-is-everything-you-need-to-know/articleshow/123178871.cms,,2025-08-08 03:22:38+00:00,The Times of India,
81,Stellar (XLM) eyes 35% rally as Ripple and SEC end 5-year legal battle,"Ripple Labs and the regulator jointly withdrew their respective appeals. The resolution has bolstered sentiments across the industry. XLM has breached a crucial resistance, hinting at continued rallies. Digital tokens recorded significant rallies in the past …",,https://coinjournal.net/news/stellar-xlm-eyes-35-rally-as-ripple-and-sec-end-5-year-legal-battle/,,2025-08-08 04:50:12+00:00,Coinjournal.net,
82,Kaspa Experience: First Kaspa Community Conference,"Berlin, Germany – September 13, 2025 – As the crypto industry matures beyond its early […]",,https://ambcrypto.com/kaspa-experience-first-kaspa-community-conference/,,2025-08-08 08:10:06+00:00,Ambcrypto.com,
83,Bitcoin price jumps 3% on fresh hopes for retirement account access,"Bitcoin just made another sharp move higher. Here’s what triggered the spike, and what it could mean for crypto adoption going forward.
The post Bitcoin price jumps 3% on fresh hopes for retirement account access appeared first on The Motley Fool Australia.",,https://www.fool.com.au/2025/08/08/bitcoin-price-jumps-3-on-fresh-hopes-for-retirement-account-access/,,2025-08-08 00:10:18+00:00,Motley Fool Australia,
84,Standard Chartered forms joint venture to issue stablecoins in Hong Kong,"Standard Chartered said on Friday that it has formed a joint venture with strategic partners to apply for a license to issue stablecoins in Hong Kong, days after the city's stablecoin legislation came into effect.Stablecoins, a type of cryptocurrency designed…",,https://www.channelnewsasia.com/business/standard-chartered-forms-joint-venture-issue-stablecoins-in-hong-kong-5284536,,2025-08-08 05:14:32+00:00,CNA,
85,"Imposter scams cost older adults $700 million in 2024, FTC finds: Some victims are ‘clearing out' their 401(k)s","Americans age 60 and older are increasingly reporting being victims of imposter scams, sometimes losing their life savings.",,https://www.cnbc.com/2025/08/08/imposter-scam-ftc-seniors-bank-401k-accounts.html,,2025-08-08 09:30:01+00:00,CNBC,
86,Ripple to buy stablecoin platform Rail for $200 million,"Ripple will acquire stablecoin payments platform Rail for $200 million, aiming to boost its position in the digital payments space. The deal, expected to close later this year, will enhance Ripple’s stablecoin services. Rail handles 10% of global stablecoin p…",,https://economictimes.indiatimes.com/tech/technology/ripple-to-buy-stablecoin-platform-rail-for-200-million/articleshow/123179388.cms,,2025-08-08 03:56:26+00:00,The Times of India,
87,"Arkadios Wealth Advisors Invests $72,000 in HIVE Digital Technologies Ltd. (NASDAQ:HIVE)","Arkadios Wealth Advisors acquired a new stake in shares of HIVE Digital Technologies Ltd. (NASDAQ:HIVE – Free Report) in the first quarter, HoldingsChannel reports. The firm acquired 50,000 shares of the company’s stock, valued at approximately $72,000. A num…",,https://www.etfdailynews.com/2025/08/08/arkadios-wealth-advisors-invests-72000-in-hive-digital-technologies-ltd-nasdaqhive/,,2025-08-08 08:13:20+00:00,ETF Daily News,
88,Best Bitcoin Stocks To Add to Your Watchlist – August 5th,"Marathon Digital, Riot Platforms, Core Scientific, IREN, and Cleanspark are the five Bitcoin stocks to watch today, according to MarketBeat’s stock screener tool. Bitcoin stocks are shares of publicly traded companies whose business models or asset holdings a…",,https://www.etfdailynews.com/2025/08/08/best-bitcoin-stocks-to-add-to-your-watchlist-august-5th/,,2025-08-08 07:22:58+00:00,ETF Daily News,
89,Ethereum-Based LYNO AI Presale Gains Traction Ahead of Price Increase to $0.055,"ROAD TOWN, British Virgin Islands, Aug. 08, 2025 (GLOBE NEWSWIRE) -- LYNO AI is a decentralized AI-powered cross-chain arbitrage protocol based on Ethereum and is rapidly gaining momentum as investors are shown interest in its token presale. The Early Bird pr…",,https://www.globenewswire.com/news-release/2025/08/08/3129967/0/en/Ethereum-Based-LYNO-AI-Presale-Gains-Traction-Ahead-of-Price-Increase-to-0-055.html,,2025-08-08 09:00:00+00:00,GlobeNewswire,
90,Bitcoin Swift (BTC3) Launches Stage 4 Presale with Confirmed 106% APY Ahead of September 18 Closing,"LUXEMBOURG, Aug. 08, 2025 (GLOBE NEWSWIRE) -- Bitcoin Swift (BTC3), a modular blockchain protocol focused on yield generation through on-chain participation, has entered Stage 4 of its presale with a confirmed 106% APY. The current token price is $4, and over…",,https://www.globenewswire.com/news-release/2025/08/08/3130076/0/en/Bitcoin-Swift-BTC3-Launches-Stage-4-Presale-with-Confirmed-106-APY-Ahead-of-September-18-Closing.html,,2025-08-08 11:29:00+00:00,GlobeNewswire,
91,Top Bitcoin Stocks To Follow Now – August 6th,"IREN, Riot Platforms, Marathon Digital, Cleanspark, TeraWulf, Core Scientific, and Bit Digital are the seven Bitcoin stocks to watch today, according to MarketBeat’s stock screener tool. Bitcoin stocks are shares of publicly traded companies whose business mo…",,https://www.etfdailynews.com/2025/08/08/top-bitcoin-stocks-to-follow-now-august-6th/,,2025-08-08 05:22:52+00:00,ETF Daily News,
92,Crypto Group Claims Responsibility for Dildos Thrown at WNBA Games,"A cryptocurrency group has claimed responsibility for the legions of green dildos that have been thrown onto the court at various WNBA games. 
The post Crypto Group Claims Responsibility for Dildos Thrown at WNBA Games appeared first on Breitbart.",,https://www.breitbart.com/sports/2025/08/07/crypto-group-claims-responsibility-for-dildos-thrown-at-wnba-games/,,2025-08-08 02:41:24+00:00,Breitbart News,
93,"Digital asset bank Sygnum integrates Sui blockchain token, SUI","Sygnum, a global digital asset banking group, today announces a variety of accessible custody, trading, and lending solutions for layer-one cryptocurrency, SUI, broadening access for professional and institutional clients to the Sui ecosystem. Sygnum’s regula…",,https://www.finextra.com/pressarticle/106665/digital-asset-bank-sygnum-integrates-sui-blockchain-token-sui,,2025-08-08 09:51:21+00:00,Finextra,
94,"Australia Loyalty Programs Intelligence Report 2025-2029 | Market Thrives on Innovation and Technology Amid Dominance of Major Players Such as Qantas, Flybuys, and Woolworths","Australia's loyalty market is set to grow significantly, with a projected annual increase of 15.5%, reaching US$1.20 billion by 2025. The market, driven by evolving consumer behaviors and technology advancements, recorded a 17.5% CAGR from 2020-2024. Key tren…",,https://www.globenewswire.com/news-release/2025/08/08/3129986/28124/en/Australia-Loyalty-Programs-Intelligence-Report-2025-2029-Market-Thrives-on-Innovation-and-Technology-Amid-Dominance-of-Major-Players-Such-as-Qantas-Flybuys-and-Woolworths.html,,2025-08-08 09:23:00+00:00,GlobeNewswire,
95,"RubyGems, PyPI Hit by Malicious Packages Stealing Credentials, Crypto, Forcing Security Changes","A fresh set of 60 malicious packages has been uncovered targeting the RubyGems ecosystem by posing as seemingly innocuous automation tools for social media, blogging, or messaging services to steal credentials from unsuspecting users.
The activity is assessed…",,https://thehackernews.com/2025/08/rubygems-pypi-hit-by-malicious-packages.html,,2025-08-08 10:58:00+00:00,Internet,
96,WNBA sex toy incidents linked to cryptocurrency group,"The group has claimed that their memecoin's goal was to combat a ""toxic"" environment in the cryptocurrency world and insisted that its members did not ""dislike women's sports.",,https://www.japantimes.co.jp/sports/2025/08/08/basketball/wnba-sex-toy-incidents-memecoins/,,2025-08-08 03:29:00+00:00,The Japan Times,
97,A major historical bitcoin cycle that dictates its price might be breaking,"Bitcoin's four-year price cycle, which has often had a predictable pattern, has shown signs of breaking or even disappearing altogether.",,https://www.cnbc.com/2025/08/08/bitcoin-btc-price-cycle-might-be-breaking.html,,2025-08-08 11:39:13+00:00,CNBC,
98,Binance Mastercard Crypto Withdraw goes live for Europeans,"Binance Mastercard Crypto Withdraw is now live for European users, providing near-real time crypto-to-fiat access. In addition to the current payout and bank transfer options, the new Sell to Card and Withdraw to Card features allow users to move money more q…",,https://www.finextra.com/pressarticle/106669/binance-mastercard-crypto-withdraw-goes-live-for-europeans,,2025-08-08 12:52:20+00:00,Finextra,
99,WNBA sex toy incidents linked to cryptocurrency group - Reuters,"WNBA sex toy incidents linked to cryptocurrency groupReuters Crypto group says it orchestrated sex toy tosses in WNBA gamesESPN Daily Briefing: Sex toys, crypto and the WNBAUSA Today Man arrested for throwing sex toy at Phoenix Mercury crowd, court docs sayFO…",,https://slashdot.org/firehose.pl?op=view&amp;id=178613070,,2025-08-08 10:54:24+00:00,Slashdot.org,
200,"This Week in Security: Perplexity v Cloudflare, GreedyBear, and HashiCorp","The Internet is fighting over whether robots.txt applies to AI agents. It all started when Cloudflare published a blog post, detailing what the company was seeing from Perplexity crawlers. Of …read more",,https://hackaday.com/2025/08/08/this-week-in-security-perplexity-v-cloudflare-greedybear-and-hashicorp/,,2025-08-08 14:00:29+00:00,Hackaday,
205,How a retired Aussie cop lost $1.2M in a crypto scam in Thailand,"Michael Reinecke, a retired Australian policeman, was swindled out of over 40 million Thai baht in a sophisticated cryptocurrency investment scheme.",,https://cointelegraph.com/explained/how-a-retired-aussie-cop-lost-12m-in-a-crypto-scam-in-thailand,,2025-08-08 13:50:00+00:00,Cointelegraph,
266,"Multinational Healthcare Firm Secures up to $300,000,000 To Roll Out New Ethereum (ETH) Treasury Strategy","The global healthcare group Cosmos Health (COSM) just announced that it has secured funding to launch its Ethereum (ETH) digital asset treasury reserve strategy. In a statement, the Chicago-based company says that it has entered into a securities purchase agr…",,https://dailyhodl.com/2025/08/08/multinational-healthcare-firm-secures-up-to-300000000-to-roll-out-new-ethereum-eth-treasury-strategy/,,2025-08-08 14:00:19+00:00,The Daily Hodl,
459,Roman Storm conviction for Tornado Cash sets ‘dangerous precedent’,"Tornado Cash co-founder Roman Storm’s conviction could criminalize open-source software developers and threaten US tech leadership, Blockchain Association warns.",,https://cointelegraph.com/news/roman-storm-conviction-tornado-cash-sets-dangerous-precedent,,2025-08-08 14:22:31+00:00,Cointelegraph,
495,Harnessing Blockchain - Hip-Hop's New Wave Of Financial Freedom,The hustle continues as hip-hop artists embrace digital payments. This isn’t just a trend; it’s a revolution reshaping the music industry from the inside out. Continue reading…,,https://www.xxlmag.com/hip-hop-crypto/,,2025-08-08 14:18:31+00:00,XXLMAG.COM,
